{"BusinessUnit":{"0":"ADVENTURING","1":"COMMISSIONS","2":"LUXURY SPECIALTIES","3":"ADVENTURING","4":"COMMISSIONS","5":"LUXURY SPECIALTIES","6":"ADVENTURING","7":"COMMISSIONS","8":"LUXURY SPECIALTIES","9":"ADVENTURING","10":"COMMISSIONS","11":"LUXURY SPECIALTIES","12":"ADVENTURING","13":"LUXURY SPECIALTIES","14":"ADVENTURING","15":"COMMISSIONS","16":"LUXURY SPECIALTIES","17":"ADVENTURING","18":"COMMISSIONS","19":"LUXURY SPECIALTIES","20":"ADVENTURING","21":"LUXURY SPECIALTIES"},"Type":{"0":"ARMS & ARMOUR","1":"ARMS & ARMOUR","2":"ARMS & ARMOUR","3":"ADVENTURING EQUIPMENT","4":"ADVENTURING EQUIPMENT","5":"ADVENTURING EQUIPMENT","6":"TOOLS & KITS","7":"TOOLS & KITS","8":"TOOLS & KITS","9":"POTIONS & SCROLLS","10":"POTIONS & SCROLLS","11":"POTIONS & SCROLLS","12":"ANIMALS & TRANSPORTATION","13":"ANIMALS & TRANSPORTATION","14":"JEWELRY","15":"JEWELRY","16":"JEWELRY","17":"SUMMONING DEVICE","18":"SUMMONING DEVICE","19":"SUMMONING DEVICE","20":"MUSICAL INSTRUMENT","21":"MUSICAL INSTRUMENT"},"Quantities":{"0":951481,"1":260317,"2":644648,"3":770505,"4":100876,"5":473123,"6":465898,"7":3981,"8":16175,"9":278944,"10":19892,"11":164943,"12":157648,"13":62055,"14":93776,"15":19849,"16":63527,"17":3807,"18":36714,"19":100594,"20":115280,"21":23923},"ProductPricesInCP":{"0":465134305.8000000119,"1":130412395.299999997,"2":315011605.6000000238,"3":378140209.0,"4":55018009.700000003,"5":244977185.3000000119,"6":229550205.5,"7":1452575.0,"8":8894487.5,"9":130333248.0,"10":7790779.4000000004,"11":79522389.299999997,"12":84693670.200000003,"13":29054532.3000000007,"14":48203992.200000003,"15":9605253.0,"16":36077902.700000003,"17":3057718.0,"18":20543698.5,"19":49987903.200000003,"20":57311063.700000003,"21":9387621.9000000004},"CategoryShare":{"0":0.3845200743,"1":0.3845200743,"2":0.3845200743,"3":0.2784830682,"4":0.2784830682,"5":0.2784830682,"6":0.1006749026,"7":0.1006749026,"8":0.1006749026,"9":0.0960611489,"10":0.0960611489,"11":0.0960611489,"12":0.0455064214,"13":0.0455064214,"14":0.0366929607,"15":0.0366929607,"16":0.0366929607,"17":0.0292287254,"18":0.0292287254,"19":0.0292287254,"20":0.0288326986,"21":0.0288326986},"CategoryQuantities":{"0":1856446.0,"1":1856446.0,"2":1856446.0,"3":1344504.0,"4":1344504.0,"5":1344504.0,"6":486054.0,"7":486054.0,"8":486054.0,"9":463779.0,"10":463779.0,"11":463779.0,"12":219703.0,"13":219703.0,"14":177152.0,"15":177152.0,"16":177152.0,"17":141115.0,"18":141115.0,"19":141115.0,"20":139203.0,"21":139203.0},"BusinessUnitShare":{"0":0.5125282394,"1":0.1402233084,"2":0.3472484521,"3":0.5730775066,"4":0.075028412,"5":0.3518940814,"6":0.9585313566,"7":0.008190448,"8":0.0332781954,"9":0.6014588845,"10":0.0428911184,"11":0.3556499971,"12":0.7175505114,"13":0.2824494886,"14":0.5293533237,"15":0.1120450235,"16":0.3586016528,"17":0.0269779967,"18":0.2601707827,"19":0.7128512206,"20":0.8281430716,"21":0.1718569284}}